username,passwd,type
LenHale,Ei.]hraJAWC,candidate
BiancaEspinoza,z/aRjZAgH'c,candidate
AnikaFrost,"3xB,>IE_1ptyn",candidate
KessieBarlow,EdQyq&n9ma|u,candidate
LawrenceCampbell,"c;,W%cbdA2S0",candidate
AllistairGilbert,1rM{mB$,candidate
JadenCurtis,kySx6[y2,candidate
AlikaReynolds,R\g>i9t,candidate
DanteMcgowan,Hc^an^b,candidate
MorganAguirre,"3*kMD""Lu;e",candidate
InezGibbs,"LoBsognBqni,F^T",candidate
NeroChurch,qTGr!A&:t.G[y>7,candidate
RahimBarker,G(FGy*,candidate
HeddaConley,[>Kf_c,candidate
DesiraeWaller,kcngr.,candidate
LionelWyatt,pBu6qcaJEq>6r,candidate
BeatriceMccullough,"3""J1Bn8Mg5=h",candidate
AmeryMoran,td%qv}qi;8AWt%,candidate
JolieAlston,o&Z5fiYR/AFhU[3,candidate
ValentineLe,"fyZj;,7B@9Fv",candidate
ElmoFisher,pVIo:0,candidate
UlyssesDaniels,?y3cWnA{2#r0Ie,candidate
ClarkOneil,HH&GliC,candidate
CamdenHarris,%Qqc&wy-kczO?m,candidate
LarsBerry,sIhr<bd,candidate
EmilyStout,A^%n=AEE,candidate
FultonStephenson,-GsVnNo/*,candidate
ColinLove,E(zkOhht~mc,candidate
GalenaWiggins,H'Z!cx~8e,candidate
MarnyJimenez,Q;qb@%,candidate
JulieHopper,#`AtvE,candidate
PaulTyson,hrv6MFUPqK,candidate
MaceyWelch,mCCN9D~,candidate
MichaelMeyer,z[-Q\Grvv-+Iq5E,candidate
DemetriaBates,f!/;~r,candidate
NaidaLowery,F@v]qgJqdzOn6,candidate
ChardeValdez,C<lq\u;+,candidate
NellMoon,/yr*ekqmbv4FAh,candidate
IrisBecker,Fp_(>!jGb<d,candidate
LibbyNewton,uxLFvy,candidate
HallHale,]>L1;HZ#Kl#,candidate
OlegWells,rh9+PAEv\!,candidate
SybilCross,1Py@*8Buxh,candidate
ClaudiaPrince,d6jE27ADo[h,candidate
LenMoody,f[-&L9VuICDlrj,candidate
AlecMoon,3ll>rvHk,candidate
RhodaFreeman,G3FH$|2GN9&)h1,candidate
AliceSnider,pc)sY!)rkqd,candidate
DebraMills,"44l,6y",candidate
HarperBuckley,WcC_BfzbzgGuz,candidate
JoyCrane,"GL""`g!",candidate
ReecePate,"yxAh""!",candidate
SophiaRowe,b$ewdxme-Ta,candidate
RoannaGentry,"rmuP[a?}apJ""nac",candidate
BenjaminPorter,f\LR(Rw\,candidate
IsaacDavid,g\9rx5,candidate
MechelleJordan,z|mbQ((h,candidate
ElianaLopez,;/f7zL[<Znoo2,candidate
ClarkeWooten,MHX+kpa,candidate
IshmaelCarr,hp/Xw$'7a>,candidate
MarshallCross,"wC:(BZ""DQfnV,Nw",candidate
MiraHowe,"ydg""Ci",candidate
JoelCherry,LU:blGGB5z2hb',candidate
KionaCaldwell,(91[7Mq,candidate
NereaBaker,Kkx#cB@&x^B^,candidate
JescieMccarty,>Rf&hDj,candidate
ZenaidaOsborn,"Ewp+`jr""",candidate
AquilaHerrera,9f[Ig[mPm,candidate
AudreyBishop,Q(H'd-fj,candidate
RisaChan,8'?pfuF9rt,candidate
ElijahCook,`eVUErL/Iii7,candidate
BethanySnow,=jkAhCrxUzUu\IZ,candidate
BrennaSampson,pGw%Ag#q.,candidate
AureliaMedina,",+]1mwvFnbli",candidate
AristotleMcintyre,II1jATxaFk-epkW,candidate
GeraldineMarshall,7FmGW&cpP,candidate
BrunoBryant,j#mIqDezMB*,candidate
QuintessaCash,7oFrrd?ruJ;=C,candidate
HeddaObrien,z8GbbUs,candidate
WhoopiDuffy,f/zq=lFA,candidate
MarciaNguyen,*mO;.SM,candidate
RhiannonValencia,e3B'wz~,candidate
AimeeAlexander,n*y=QA,candidate
HannahDominguez,2%S=k~_`q,candidate
NicholasPaul,"4,uuwU(H",candidate
BelleKline,Ipw%8tjKH,candidate
KylanMayer,`y8Q!:JCGsw<\2p,candidate
GannonMeyers,p)3=Qr)UAux>u^8,candidate
LareinaMckay,"xd""xI45{%r",candidate
TanekMayer,BW:u{\Cibq/cbP,candidate
HelenGoodman,"!b:tf$3""6m!]=(G",candidate
KuameFarrell,Tm6w'ZuP$.Dzut+,candidate
WillowKlein,"YRzsF""iCtmpA",candidate
AngelaRiggs,V:z6ua|Ss@qf,candidate
EmmaRatliff,1MZFBF<8,candidate
DeaconLindsey,rxqonw&,candidate
RahimRojas,",4D2rGvBCjyWbC",candidate
ColleenCrawford,"Flqen6JW,S@d=\4",candidate
NobleFrost,iZ?hy_A;IF,candidate
AprilBennett,'Fk/MZocjwpx[,candidate
