username,passwd
AngelaSexton,SDDlnY<skl
HildaNeal,-wGz?FHsk
MeganDixon,9[C5s:
MaceyFinley,qtnDAq6F+J
JolenePark,c4aDb||Pr{<y
NinaSantana,wC8d8SrI)
AdaraSavage,$p]z7y
GayCampos,RLiB~fxF
FayGallegos,",n$HE(["
CourtneyHicks,cEw:Plr{@B(
RosePennington,&Dy_)7y9D
ShayShaw,==_uh.7wx
BerthaTucker,%Akjb?>fp!bTKcn
EmilyRose,4Io_Fpva<p
IvoryBates,"^""dkDS~5lv]s"
NaydaGallagher,q;b:.c
CarolSavage,"CimG~vg,SV"
PearlChase,oxo$AsrInpd
NellGuy,z3Psl!>G%.F
HanaeRoy,vl/p8f??g|2
ShelleyTalley,pYtjn^kxVnB3mmk
HannahLee,ru7HEDzuBg
KeelyLogan,)un-.Ad^}kbp
BreannaChristensen,"HbT/faF""idH1|d"
LoisCotton,?JbHa<tE<p%q
KirbyMaynard,s#ExE+8~uly4\
CarlaEspinoza,lB:u~w
CandaceLucas,0aGdIm>rtOigq+
JadenCallahan,"eigFpwr%#+["""
CameronRivers,f%uZhB>
HollyWelch,DHFD\JoHO
TaShyaDean,"kObjKo"""
HedwigSantos,eT!&zBS;?
MoanaRichmond,<PI/HkgDtDoB'0
TeaganStrickland,ymfN[OG
HyacinthMadden,w{rss1AqFqAr
JadaMoreno,""",ZI(fI,Ffzy"
ClareCompton,AuHRug
LillithZimmerman,r7'EoPDG)N2
RinahMckinney,bhVuflXGhNZBT\I
WillowHester,tjtmcNPh|$4I:ry
HaleyZamora,&!]A6o=
CourtneyOlson,9iapYtJs^xo
OriFrye,ksmb'yM|
AleaMaldonado,WpnSx1Wd#
LibbyDavis,jE?`3uh
SierraButler,9FiImT<r&~d
KatelynCantrell,swyu.Duf3Czz
RowanHammond,"hwUkFUi,/PT"
AphroditeWoodward,"iSFPKXD|jh7""Y"
VedaGross,o*sL<b(kw;Du~
CoraHood,!tVDj=c28Ii
AlanaMontoya,Zbk%w@FtJf8mdaT
KristenBates,*p-=2\%^
GermainePatrick,w+vsHeq<h;2dFm
LeilaHowe,G`y+0l
IndiraSpears,"jaGFB""}CinD"
JoyFarley,"!.UNzvr,dPh&!X"
AmelaHardin,EOfAi`lt
MirandaBright,sGblbx8PW
IgnaciaBenson,=1zrrt
SelmaHolt,\%Xgb-l(-ec[[b
SigourneyGoff,dQURZ\y{R
EveHickman,cDP<u$/Ujy
SheilaHawkins,.u9%;!eT0w6t
NoelaniHarrell,~%!;)f}D8]J
KirstenPrince,"inT""6be;5v""L'h"
SydneeLawrence,g*tGl>JiXweA5w
KamekoConway,)pIpsmfaDsp
NolaDonaldson,/GjQ8Zi;6@Cvf
NicoleLevy,aQMvAV.
CourtneyKinney,\fu3=xC!
KimberleyMayer,xvAq)JEw[
RachelBush,Ry4=ydhsft~W)
MollieBurton,a(e/yh#K_BH
LesleyValenzuela,"`,kU<cY"
IvanaFrye,";7oI{U,K"
LaviniaBecker,"a""PA`TueB"
ReaganBall,c<g)c67H
SigneVinson,m3`%Jgl]ZRq
LilaBlackburn,kJ`[0xn{Y4fwP
KirstenHampton,gadPm4IpzhBR
StacyMosley,"nz""dMB0$TvfpV:e"
SummerCalderon,xh{H*>Hqx6
LoisElliott,urcZNB/dzfH
PearlSilva,Bhv`kcpg*qmad<
GillianWright,a+gVVV<1h
LibertyLarson,`ar-xbr*u
GailSosa,PAw@z]q}\S
JacquelineHarrell,ngUO2$LuC6Dg(e
KarlyRoberson,qk:zXtnbm2]Q
SheilaHorne,^=+Y.*Pgr
MorganHowell,POBbs\;\BmI1
DakotaTalley,Z'8Nt>=3rC7Vpb]
MaxineGill,vIip#ll
FarrahAcevedo,fuYDyg>jhkEM
KellyHerman,"W;8u*mj!Np""F"
CatherineCoffey,kDq[Hd&
BuffyDillard,CeGF#D.BL
LysandraKemp,aux1VhO<}M
AngelaSexton,S5cyfeb]
HildaNeal,"n5,heFqFG"
MeganDixon,DnIb>ykt^s%[
MaceyFinley,r>u=v'uP4G@?J=
JolenePark,7}4EG[~
NinaSantana,h#:F~GHDKw.}
AdaraSavage,">IQwjz7V""[-f"
GayCampos,dm$IFOij4hzoP.y
FayGallegos,rw|N1CNZqzPeX3
CourtneyHicks,bwGtG;
RosePennington,xywa@+iPNd
ShayShaw,=\?IJH!2L|
BerthaTucker,qQzjesIEKgDHvb
EmilyRose,AFnScudb
IvoryBates,=EBDG-2$nB*w}:p
NaydaGallagher,B'2SIC^He2l0
CarolSavage,A+qp%XVA6'lc)
PearlChase,oXVZFZimm>A2x
NellGuy,e#lkl<
HanaeRoy,dN7!iKFe&u*rS
ShelleyTalley,I'A->;
HannahLee,IzO1jP4Wj
KeelyLogan,y2>YRRbq
BreannaChristensen,"a;BL@ad|,=uF"
LoisCotton,x/O`[JHH
KirbyMaynard,=F>ovD?fCd+
CarlaEspinoza,VqN]yf(%mYI
CandaceLucas,IF}^u;csAE
JadenCallahan,"GZa(""lM$t"
CameronRivers,^H\Tt1d.H
HollyWelch,1D]hvBtJMj'c
TaShyaDean,v<|[te3G'vDcS
HedwigSantos,qpbScfHk!?~q
MoanaRichmond,yEvI>q{lv1
TeaganStrickland,_{P`iN1ULltEt
HyacinthMadden,=]P3}CB|STypo9
JadaMoreno,=/r>H1_~6)
ClareCompton,fEviCV
LillithZimmerman,G>*Ugwqz
RinahMckinney,"rL4""uEG+"
WillowHester,9gav7VT
HaleyZamora,N2tmqPvds\Ex
CourtneyOlson,i%xe:wAY5@wyM
OriFrye,k#mSM7sF!Xb7v`r
AleaMaldonado,KX.CMXCUm
LibbyDavis,ViF0znytHHOBUy
SierraButler,"3RWwuK""x)c)ja"
KatelynCantrell,5tlU~dn4/G~JcR/
RowanHammond,jwXwTyVwo^kj*
AphroditeWoodward,I4q`t&?5
VedaGross,w7C<ikn_v9f
CoraHood,(+5}fy\
AlanaMontoya,"*aHvv@c7Xp,qa"
KristenBates,zKIY~BFR%(l=
GermainePatrick,p;PHeL?
LeilaHowe,oAn7e_<H%=
IndiraSpears,hFQ4By
JoyFarley,cFVmu!k)z
AmelaHardin,"RZ.Kk$3IM#""50tR"
MirandaBright,2'hGVvA5
IgnaciaBenson,a+JM-r
SelmaHolt,Sgx|MqHN
SigourneyGoff,DEzyo|6r*
EveHickman,"vcb$Lw""'6H"
SheilaHawkins,-nt@V]#0t!F8e>
NoelaniHarrell,Fx':LFy
KirstenPrince,&s1Ou3d!ngRf
SydneeLawrence,MPAygF'tj
KamekoConway,"aAh&shZ""d!9=~2m"
NolaDonaldson,G0yxmf3\Hhum
NicoleLevy,gLtDen1Eqj8Ej
CourtneyKinney,}|)xif^r>Gbx|
KimberleyMayer,eH:;j7$$x`]Z)hy
RachelBush,KdjG7\t@SHI
MollieBurton,"x""iI@|$bBsO9g="
LesleyValenzuela,lhAB|'z\h
IvanaFrye,"yvQ:0yEoZyxwD,"
LaviniaBecker,%#D9NNWGdk+Clm
ReaganBall,jU(viMy}
SigneVinson,as$fk2v'#YDM
LilaBlackburn,CZ~/ts
KirstenHampton,nwzU=IT62
StacyMosley,y&rDOxF
SummerCalderon,dRBJH&sn_|CbnL
LoisElliott,t=bYoR
PearlSilva,e4I`Lt
GillianWright,-9mf*zt%?
LibertyLarson,x_yXGhbjbz-KgA$
GailSosa,goi&U^GMzO|l~Y*
JacquelineHarrell,"[Eu4!_xt,MVj"
KarlyRoberson,"Ou,Sf,yK?v0]/1"
SheilaHorne,\u{wzo22ydGSUa5
MorganHowell,LET\3rgOd
DakotaTalley,LE=UVg;P1\Lecf4
MaxineGill,E*OA]5
FarrahAcevedo,-(ByjFZ<H5!Lhv_
KellyHerman,H^`BysA1[_(<G@Y
CatherineCoffey,hP?lYb|RbwbjW
BuffyDillard,mjJ2udHeIv
LysandraKemp,e@@3<)<3tbgVPD
